{
  "LogisticRegression": {
    "train_ms": 14.566499994543847,
    "infer_ms": 0.27409999893279746,
    "Accuracy": 0.8305983756008619,
    "F1": 0.8160515571999913,
    "Precision": 0.822291498438962,
    "Recall": 0.8305983756008619,
    "ROC_AUC": 0.8641565531252231
  },
  "DecisionTree": {
    "train_ms": 68.21579999814276,
    "infer_ms": 0.7741000008536503,
    "Accuracy": 0.8524780374606332,
    "F1": 0.8432357257697213,
    "Precision": 0.846782870398527,
    "Recall": 0.8524780374606332,
    "ROC_AUC": 0.8911313275817633
  },
  "RandomForest": {
    "train_ms": 297.5418000060017,
    "infer_ms": 39.8843000002671,
    "Accuracy": 0.8627548483341622,
    "F1": 0.8582473775944556,
    "Precision": 0.8578193823127515,
    "Recall": 0.8627548483341622,
    "ROC_AUC": 0.9125003930608523
  },
  "SVM_Linear": {
    "train_ms": 31.623999995645136,
    "infer_ms": 0.4197000016574748,
    "Accuracy": 0.8279462953754351,
    "F1": 0.8093303699146445,
    "Precision": 0.8214830923327445,
    "Recall": 0.8279462953754351,
    "ROC_AUC": 0.8636878188752082
  },
  "KMeans": {
    "train_ms": 56.6395999994711,
    "infer_ms": 0.923999999940861,
    "Silhouette": 0.09204487209452043,
    "Inertia": 285981.6419256845
  },
  "LinearRegression": {
    "train_ms": 6.030600001395214,
    "infer_ms": 0.20990000484744087,
    "R2": 0.6137068886499533,
    "RMSE": 71147.87146118376,
    "MAE": 51820.748150262116
  }
}