{
  "LogisticRegression": {
    "train_ms": 311.5493,
    "infer_ms": 6.8439,
    "Accuracy": 0.8443458251150558,
    "F1": 0.6501662356852604,
    "Precision": 0.7419898819561551,
    "Recall": 0.5785667324128863,
    "ROC_AUC": 0.8991104592682502
  },
  "DecisionTree": {
    "train_ms": 135.6116,
    "infer_ms": 5.0469,
    "Accuracy": 0.854043392504931,
    "F1": 0.6568778979907264,
    "Precision": 0.7966260543580131,
    "Recall": 0.5588428665351742,
    "ROC_AUC": 0.8931347287438928
  },
  "RandomForest": {
    "train_ms": 485.7542,
    "infer_ms": 20.436,
    "Accuracy": 0.853714661406969,
    "F1": 0.6555727554179567,
    "Precision": 0.7968015051740357,
    "Recall": 0.556870479947403,
    "ROC_AUC": 0.906686331457484
  },
  "SVM_Linear": {
    "train_ms": 445.7909,
    "infer_ms": 1.9056,
    "Accuracy": 0.8328402366863905,
    "F1": 0.6157914620324896,
    "Precision": 0.7238010657193605,
    "Recall": 0.5358316896778436,
    "ROC_AUC": 0.8838448873344944
  },
  "KMeans": {
    "train_ms": 29.549,
    "infer_ms": 2.347,
    "Silhouette": 2.387581075517863,
    "Inertia": 3.378010466645847
  },
  "LinearRegression": {
    "train_ms": 93.9531,
    "infer_ms": 1.8684,
    "R2": 0.640781446526002,
    "RMSE": 69533.69929571671,
    "MAE": 49812.875424297956
  }
}