{
  "LogisticRegression": {
    "train_ms": 21.74899999954505,
    "infer_ms": 0.2887999999074964,
    "Accuracy": 0.8305983756008619,
    "F1": 0.8160515571999913,
    "Precision": 0.822291498438962,
    "Recall": 0.8305983756008619,
    "ROC_AUC": 0.8641565531252231
  },
  "DecisionTree": {
    "train_ms": 70.23949999893375,
    "infer_ms": 0.8904000005713897,
    "Accuracy": 0.8524780374606332,
    "F1": 0.8432357257697213,
    "Precision": 0.846782870398527,
    "Recall": 0.8524780374606332,
    "ROC_AUC": 0.8911313275817633
  },
  "RandomForest": {
    "train_ms": 289.91839999980584,
    "infer_ms": 41.13150000011956,
    "Accuracy": 0.8627548483341622,
    "F1": 0.8582473775944556,
    "Precision": 0.8578193823127515,
    "Recall": 0.8627548483341622,
    "ROC_AUC": 0.9125003930608523
  },
  "SVM_Linear": {
    "train_ms": 42.68859999865526,
    "infer_ms": 0.4017000010207994,
    "Accuracy": 0.8279462953754351,
    "F1": 0.8093303699146445,
    "Precision": 0.8214830923327445,
    "Recall": 0.8279462953754351,
    "ROC_AUC": 0.8636878188752082
  },
  "KMeans": {
    "train_ms": 60.74350000017148,
    "infer_ms": 0.8512000003975118,
    "Silhouette": 0.09204487209452043,
    "Inertia": 285981.6419256845
  },
  "LinearRegression": {
    "train_ms": 2.80410000050324,
    "infer_ms": 0.17350000052829273,
    "R2": 0.6137068886499533,
    "RMSE": 71147.87146118376,
    "MAE": 51820.748150262116
  }
}