{
  "LogisticRegression": {
    "train_ms": 245.385,
    "infer_ms": 4.2905,
    "Accuracy": 0.8443458251150558,
    "F1": 0.6499075785582255,
    "Precision": 0.7423986486486487,
    "Recall": 0.5779092702169625,
    "ROC_AUC": 0.8990979238286172
  },
  "DecisionTree": {
    "train_ms": 97.3018,
    "infer_ms": 3.6239,
    "Accuracy": 0.854043392504931,
    "F1": 0.6568778979907264,
    "Precision": 0.7966260543580131,
    "Recall": 0.5588428665351742,
    "ROC_AUC": 0.8931347287438928
  },
  "RandomForest": {
    "train_ms": 448.7481,
    "infer_ms": 7.7076,
    "Accuracy": 0.853714661406969,
    "F1": 0.6555727554179567,
    "Precision": 0.7968015051740357,
    "Recall": 0.556870479947403,
    "ROC_AUC": 0.906686331457484
  },
  "SVM_Linear": {
    "train_ms": 357.2087,
    "infer_ms": 1.6627,
    "Accuracy": 0.8328402366863905,
    "F1": 0.6157914620324896,
    "Precision": 0.7238010657193605,
    "Recall": 0.5358316896778436,
    "ROC_AUC": 0.8838448873344944
  },
  "KMeans": {
    "train_ms": 32.9969,
    "infer_ms": 2.3268,
    "Silhouette": 2.387581075517863,
    "Inertia": 3.3780103347397104
  },
  "LinearRegression": {
    "train_ms": 86.745,
    "infer_ms": 2.9262,
    "R2": 0.6442446676258902,
    "RMSE": 69197.70077904343,
    "MAE": 49655.910584050696
  }
}